centris_no,property_type,price,year_built,lot_area,net_area,small region,big region,bedroom,bathroom,listing_hyperlink
24975029,Condo for sale,339000,2011,0,737,dorval,montreal,-1,1,https://www.centris.ca/en/condos~for-sale~dorval/24975029?view=Summary
15636652,Condo for sale,279000,2014,0,759,dorval,montreal,-1,1,https://www.centris.ca/en/condos~for-sale~dorval/15636652?view=Summary
14195048,Condo for sale,424163,2020,0,0,dorval,montreal,2,2,https://www.centris.ca/en/condos~for-sale~dorval/14195048?view=Summary
24684921,Condo for sale,329000,2013,0,787,dorval,montreal,-1,1,https://www.centris.ca/en/condos~for-sale~dorval/24684921?view=Summary
15330825,Condo for sale,239000,2013,0,574,dorval,montreal,-1,1,https://www.centris.ca/en/condos~for-sale~dorval/15330825?view=Summary
17915739,Condo for sale,428000,2013,0,1,dorval,montreal,2,2,https://www.centris.ca/en/condos~for-sale~dorval/17915739?view=Summary
19896709,Condo for sale,363580,2020,0,0,dorval,montreal,2,1,https://www.centris.ca/en/condos~for-sale~dorval/19896709?view=Summary
25431194,Condo for sale,244000,2014,0,530,dorval,montreal,-1,1,https://www.centris.ca/en/condos~for-sale~dorval/25431194?view=Summary
27366572,Condominium house for sale,795000,2017,2,0,dorval,montreal,4,1,https://www.centris.ca/en/condominium-houses~for-sale~dorval/27366572?view=Summary
12284304,Condo for sale,859000,1999,0,1,dorval,montreal,3,2,https://www.centris.ca/en/condos~for-sale~dorval/12284304?view=Summary
24099185,Condo for sale,384000,2014,0,902,dorval,montreal,2,2,https://www.centris.ca/en/condos~for-sale~dorval/24099185?view=Summary
12488601,Condo for sale,339900,2013,0,907,dorval,montreal,-1,1,https://www.centris.ca/en/condos~for-sale~dorval/12488601?view=Summary
22045547,Condominium house for sale,619000,2011,0,0,dorval,montreal,4,1,https://www.centris.ca/en/condominium-houses~for-sale~dorval/22045547?view=Summary
12884213,Condo for sale,610000,2010,0,1,dorval,montreal,2,2,https://www.centris.ca/en/condos~for-sale~dorval/12884213?view=Summary
16195934,Condo for sale,255000,2013,0,533,dorval,montreal,-1,1,https://www.centris.ca/en/condos~for-sale~dorval/16195934?view=Summary
26353961,Condo for sale,489000,2010,0,1,dorval,montreal,4,2,https://www.centris.ca/en/condos~for-sale~dorval/26353961?view=Summary
21948907,Condo for sale,249000,2013,0,530,dorval,montreal,-1,1,https://www.centris.ca/en/condos~for-sale~dorval/21948907?view=Summary
14393226,Condo for sale,419000,2013,0,1,dorval,montreal,2,1,https://www.centris.ca/en/condos~for-sale~dorval/14393226?view=Summary
14080105,Condo for sale,239000,2013,0,522,dorval,montreal,-1,1,https://www.centris.ca/en/condos~for-sale~dorval/14080105?view=Summary
17695431,Condo for sale,499000,2017,0,1,dorval,montreal,2,2,https://www.centris.ca/en/condos~for-sale~dorval/17695431?view=Summary
23046049,Condo for sale,420000,2010,0,902,dorval,montreal,2,2,https://www.centris.ca/en/condos~for-sale~dorval/23046049?view=Summary
13652569,Condo for sale,838000,1990,0,1,dorval,montreal,2,2,https://www.centris.ca/en/condos~for-sale~dorval/13652569?view=Summary
16313702,Condo for sale,429000,2013,0,905,dorval,montreal,2,1,https://www.centris.ca/en/condos~for-sale~dorval/16313702?view=Summary
13780579,Condo for sale,349900,2010,0,907,dorval,montreal,2,2,https://www.centris.ca/en/condos~for-sale~dorval/13780579?view=Summary
24158180,Condo for sale,505543,2020,0,0,dorval,montreal,3,2,https://www.centris.ca/en/condos~for-sale~dorval/24158180?view=Summary
22260380,Condo for sale,389000,2017,0,901,dorval,montreal,2,2,https://www.centris.ca/en/condos~for-sale~dorval/22260380?view=Summary
